
--insert into `member` (`name`, `password`, `email`, `phone`, `email_Auth_Yn`, `follower_Count`, `following_Count`) values ('A', '123123', 'a@gmail.com', '010aaaaaaaa', true, 0, 0);
--insert into `member` (`name`, `password`, `email`, `phone`, `email_Auth_Yn`, `follower_Count`, `following_Count`) values ('B', '123123', 'b@gmail.com', '010bbbbbbbb', true, 0, 0);
--insert into `member` (`name`, `password`, `email`, `phone`, `email_Auth_Yn`, `follower_Count`, `following_Count`) values ('C', '123123', 'c@gmail.com', '010cccccccc', true, 0, 0);
--insert into `member` (`name`, `password`, `email`, `phone`, `email_Auth_Yn`, `follower_Count`, `following_Count`) values ('D', '123123', 'd@gmail.com', '010dddddddd', true, 0, 0);
--insert into `member` (`name`, `password`, `email`, `phone`, `email_Auth_Yn`, `follower_Count`, `following_Count`) values ('E', '123123', 'e@gmail.com', '010eeeeeeee', true, 0, 0);
--insert into `member` (`name`, `password`, `email`, `phone`, `email_Auth_Yn`, `follower_Count`, `following_Count`) values ('F', '123123', 'f@gmail.com', '010ffffffff', true, 0, 0);
--insert into `member` (`name`, `password`, `email`, `phone`, `email_Auth_Yn`, `follower_Count`, `following_Count`) values ('G', '123123', 'h@gmail.com', '010gggggggg', true, 0, 0);

insert into `member` (`name`, `password`, `email`, `phone`, `email_Auth_Yn`) values ('A', '123123', 'a@gmail.com', '010aaaaaaaa', true);
insert into `member` (`name`, `password`, `email`, `phone`, `email_Auth_Yn`) values ('B', '123123', 'b@gmail.com', '010bbbbbbbb', true);
insert into `member` (`name`, `password`, `email`, `phone`, `email_Auth_Yn`) values ('C', '123123', 'c@gmail.com', '010cccccccc', true);
insert into `member` (`name`, `password`, `email`, `phone`, `email_Auth_Yn`) values ('D', '123123', 'd@gmail.com', '010dddddddd', true);
insert into `member` (`name`, `password`, `email`, `phone`, `email_Auth_Yn`) values ('E', '123123', 'e@gmail.com', '010eeeeeeee', true);
insert into `member` (`name`, `password`, `email`, `phone`, `email_Auth_Yn`) values ('F', '123123', 'f@gmail.com', '010ffffffff', true);
insert into `member` (`name`, `password`, `email`, `phone`, `email_Auth_Yn`) values ('G', '123123', 'g@gmail.com', '010gggggggg', true);
insert into `member` (`name`, `password`, `email`, `phone`, `email_Auth_Yn`) values ('홍길동', '123123', 'test@test.com', '010gggggggg', true);
insert into `member` (`name`, `password`, `email`, `phone`, `email_Auth_Yn`) values ('홍길동', '123123', 'test2@test.com', '010gggggggg', true);

insert into `follower_count` (`email`, `follower_count`) values ('a@gmail.com', 0);
insert into `follower_count` (`email`, `follower_count`) values ('b@gmail.com', 0);
insert into `follower_count` (`email`, `follower_count`) values ('c@gmail.com', 0);
insert into `follower_count` (`email`, `follower_count`) values ('d@gmail.com', 0);
insert into `follower_count` (`email`, `follower_count`) values ('e@gmail.com', 0);
insert into `follower_count` (`email`, `follower_count`) values ('f@gmail.com', 0);
insert into `follower_count` (`email`, `follower_count`) values ('g@gmail.com', 0);

insert into `following_count` (`email`, `following_count`) values ('a@gmail.com', 0);
insert into `following_count` (`email`, `following_count`) values ('b@gmail.com', 0);
insert into `following_count` (`email`, `following_count`) values ('c@gmail.com', 0);
insert into `following_count` (`email`, `following_count`) values ('d@gmail.com', 0);
insert into `following_count` (`email`, `following_count`) values ('e@gmail.com', 0);
insert into `following_count` (`email`, `following_count`) values ('f@gmail.com', 0);
insert into `following_count` (`email`, `following_count`) values ('g@gmail.com', 0);

